number_of_comp,pMAPC,pMSE,r2,r2_adj
55.0,0.8475702636879389,87.44759812331284,0.9853952415907814,0.9793390611455925
