number_of_comp,pMAPC,pMSE
19.0,0.839165106198,58.7543345791
