number_of_comp,pMAPC,pMSE
19.0,0.833951291164,67.1664969799
