number_of_comp,pMAPC,pMSE
22.0,0.831261869202,59.8094751945
