number_of_comp,pMAPC,pMSE
22.0,0.833436619183,39.324314553
