number_of_comp,pMAPC,pMSE
8.0,0.841208391094,35.6889243201
