number_of_comp,pMAPC,pMSE
1,0.738762440626,91.5494134148
