number_of_comp,pMAPC,pMSE,r2,r2_adj
1.0,0.373086402185,517.550325076,0.199420195789,0.194997102948
2.0,0.413686697106,477.009258398,0.292574565265,0.284714282657
