number_of_comp,pMAPC,pMSE,r2,r2_adj
1.0,0.600392446976,218.944639066,0.669007456611,0.667178768526
2.0,0.701701749251,123.21019413,0.817733785343,0.815708605181
