number_of_comp,pMAPC,pMSE
8,0.841080866117,35.7897272366
