,comp 1,comp 2,comp 3,comp 4,comp 5,comp 6,comp 7
active_sum_count,-0.483580525079,0.258919283871,0.126775847746,-0.0882617172894,-0.229193250203,0.756506113848,-0.224538165277
video_sum_count,-0.36360553452,0.4573310351,0.0723783618715,0.491250379412,-0.373553435451,-0.500746932105,-0.147594437266
video_backward_seek_sum,-0.386609908722,0.452948634272,0.0635792283363,-0.280486118583,0.565904792496,-0.133422087102,0.47392599074
mt_mean,-0.412993103795,-0.278563690154,-0.148064551866,-0.678289417462,-0.257871715496,-0.37530209044,-0.249979680462
hw_mean,-0.407793868083,-0.383057260317,-0.131589603823,0.37711943132,0.585837414987,-0.0133673779962,-0.429013104189
qz_mean,-0.382076482742,-0.485763690489,-0.094946077246,0.26225750262,-0.277167959067,0.0850325619873,0.67542936636
counseling_join_num,-0.0403991115798,-0.241556838722,0.962493244624,-0.0337027338829,0.0339805057158,-0.104348808764,-0.0211124743311
Regression P>|t|,0.0,0.002,0.016,0.011,0.01,0.898,0.116
