acc,precision,recall,f1_score
0.6336458333333332,0.617687361394004,0.6336458333333332,0.6225854323319375
