acc,precision,recall,f1_score
0.9345394736842105,0.9352677640140244,0.9345394736842105,0.9347178864565331
