acc,precision,recall,f1_score
0.9445614035087719,0.9446700166381998,0.9445614035087719,0.9444433613021573
