number_of_comp,pMAPC,pMSE
1.0,0.824045715076,205.101017404
2.0,0.821004169819,216.751808916
3.0,0.820579740917,218.097449356
4.0,0.813180698414,245.077474342
5.0,0.812802069809,258.098281238
6.0,0.813170367666,263.757712386
7.0,0.828207305065,220.639458478
8.0,0.822951844004,239.279423098
9.0,0.827374804994,230.6962465
10.0,0.824260120807,243.835695352
11.0,0.823289720969,244.373745517
