number_of_comp,pMAPC,pMSE
1.0,0.8253148536784927,227.91363632106118
2.0,0.8232267274382922,238.64279726077112
3.0,0.8367230927571793,214.36539575083302
4.0,0.8369731584745805,212.16384382531862
5.0,0.8440980632056342,204.35035422899549
6.0,0.842971511951382,216.72777304930202
7.0,0.8415517307648434,226.6429515574053
8.0,0.8386560990786154,239.54640353978652
9.0,0.8357989929291293,246.95533894709476
10.0,0.8306254560173665,261.9358186516469
11.0,0.8269370371932794,277.0999946573527
