number_of_comp,pMAPC,pMSE
1.0,0.814341706516,248.285763716
2.0,0.81820346311,239.88655891
3.0,0.82849147648,217.636683808
4.0,0.826477856833,239.893016816
5.0,0.823635369924,244.2918728
6.0,0.829294021837,230.435724164
7.0,0.82932455191,231.736249299
8.0,0.827301160005,234.398035957
9.0,0.824841653141,247.464546467
10.0,0.823902971807,258.986867289
11.0,0.824554119785,248.083102367
