number_of_comp,pMAPC,pMSE
1.0,0.827242760144,211.778108959
2.0,0.824063388339,220.302399923
3.0,0.824834078833,222.506857
4.0,0.819545712537,250.781612549
5.0,0.817111924488,266.658823857
6.0,0.828533740141,240.144505123
7.0,0.831047822036,232.607269472
8.0,0.829359453186,239.263170928
9.0,0.829264682588,232.355269113
10.0,0.825113364857,243.885449443
11.0,0.82176335016,257.501985389
