number_of_comp,pMAPC,pMSE
1.0,0.80761740023,259.290583589
2.0,0.813235737145,253.144893425
3.0,0.824085422741,226.254542893
4.0,0.823464336505,229.892730043
5.0,0.822078443069,235.18565035
6.0,0.82353788047,239.416445274
7.0,0.829400898172,242.876504639
8.0,0.82434039522,261.810870262
9.0,0.82090465603,277.65017207
10.0,0.818002426637,293.723337263
11.0,0.814801305418,305.864357154
