acc,precision,recall,f1_score
0.47364583333333354,0.43564573072331775,0.47364583333333354,0.4442297069475017
