acc,precision,recall,f1_score
0.7892763157894733,0.7820868040422314,0.7892763157894733,0.7802772554737969
