acc,precision,recall,f1_score
0.5358333333333334,0.5291604630966024,0.5358333333333334,0.5264591085996129
