acc,precision,recall,f1_score
0.5305208333333333,0.5023352144059264,0.5305208333333333,0.5095029019702548
