acc,precision,recall,f1_score
0.776206896551724,0.7738456844277687,0.776206896551724,0.7719334607150006
