number_of_comp,pMAPC,pMSE
1,0.528622696227,337.784449637
2,0.558080522285,326.304299475
