number_of_comp,pMAPC,pMSE,r2,r2_adj
1.0,0.656520247911,148.11005629,0.316407612916,0.312630859396
