number_of_comp,pMAPC,pMSE,r2,r2_adj
1.0,0.711097715172,101.37972821,0.701624303178,0.699975818665
2.0,0.757889375211,73.9708545221,0.847144596524,0.845446203152
