number_of_comp,pMAPC,pMSE,r2,r2_adj
1.0,0.657841453452,144.073156524,0.635975421757,0.633964236242
2.0,0.76840521651,71.588191849,0.867903661195,0.866435924097
