comp1,comp2,comp3,comp4,comp5
-5.53682365577935,-1.584833984053815,-3.411849002610648,-3.8178334215100045,5.627725777718586
