number_of_comp,pMAPC,pMSE
7.0,0.846942425564,159.602231748
