comp1,comp2
-6.59268169813,6.65814382569
