comp1,comp2,comp3,comp4,comp5,comp6
-3.36367107508,0.293998505145,2.77244672548,1.2528395589,-15.8288263442,1.22432741188
