comp1,comp2,comp3,comp4
-3.66574681704,-5.15208422874,9.80216578859,-6.57650046674
