comp1,comp2,comp3,comp4,comp5,comp6
-3.47063273818,1.1121345543,3.96310353118,-4.26859826195,-16.3646931518,-14.1917049156
