comp1,comp2,comp3,comp4,comp5,comp6
-3.82988519827,-3.75457703064,9.91054622905,-6.24560026176,-10.3113802445,2.51536398073
