number_of_comp,pMAPC,pMSE,r2,r2_adj
1.0,0.830825994829,207.123009864,0.269950135207,0.257142242842
2.0,0.842245013342,196.245366033,0.341481742794,0.317963233609
