number_of_comp,pMAPC,pMSE
1.0,0.841059377502,198.11301947
2.0,0.848049182258,187.78293847
3.0,0.866525338977,163.200631303
