number_of_comp,pMAPC,pMSE
1.0,0.826510980178,222.192259051
2.0,0.829068955202,214.011806247
