number_of_comp,pMAPC,pMSE
7,0.846997680734,159.437572233
