acc,precision,recall,f1_score
0.8238362068965519,0.8229617396552422,0.8238362068965519,0.8223701586595272
