acc,precision,recall,f1_score
0.7493534482758623,0.7473235521406438,0.7493534482758623,0.7461425937834864
