number_of_comp,pMAPC,pMSE
9.0,0.843380081721,48.7780993024
