number_of_comp,pMAPC,pMSE
1,0.738621000649,91.6215944133
