number_of_comp,pMAPC,pMSE
9,0.843335641488,48.915628012
