number_of_comp,pMAPC,pMSE,r2,r2_adj
1.0,0.399437925182,680.548514423,0.140507322587,0.133685952131
2.0,0.498565317269,507.703843447,0.355219392376,0.344902902654
