number_of_comp,pMAPC,pMSE,r2,r2_adj
1.0,0.8158888221685203,99.3794588883537,0.8853209341670719,0.8837712170612215
