number_of_comp,pMAPC,pMSE
21.0,0.815559628212,235.472436292
