number_of_comp,pMAPC,pMSE
21.0,0.815092832594,367.976279844
