number_of_comp,pMAPC,pMSE,r2,r2_adj
55.0,0.5438595968672826,19796.282172603576,0.9600677838862878,0.5057780922815982
