acc,precision,recall,f1_score
0.9536184210526318,0.9536333011981984,0.9536184210526318,0.9533715710897713
