acc,precision,recall,f1_score
0.945526315789474,0.9453846062048363,0.945526315789474,0.9450583127043646
