acc,precision,recall,f1_score
0.7163541666666667,0.7135374470153196,0.7163541666666667,0.7117961128202775
