acc,precision,recall,f1_score
0.9586206896551733,0.9584957755324812,0.9586206896551733,0.9584666341899376
