acc,precision,recall,f1_score
0.6881250000000003,0.684922840474592,0.6881250000000003,0.6814641063232674
