features_begin_index,features_mid_index,tn,fp,fn,tp,acc
1,1,4,7,10,16,0.5405405405405406
1,2,6,5,14,12,0.4864864864864865
1,3,11,0,5,21,0.8648648648648649
1,4,11,0,7,19,0.8108108108108109
2,2,6,5,14,12,0.4864864864864865
2,3,11,0,5,21,0.8648648648648649
2,4,11,0,6,20,0.8378378378378378
3,3,11,0,7,19,0.8108108108108109
3,4,11,0,3,23,0.918918918918919
4,4,11,0,5,21,0.8648648648648649
