features_begin_index,features_mid_index,tn,fp,fn,tp,acc
1,1,1,10,2,24,0.6756756756756757
1,2,3,8,6,20,0.6216216216216216
1,3,9,2,4,22,0.8378378378378378
1,4,6,5,1,25,0.8378378378378378
2,2,3,8,6,20,0.6216216216216216
2,3,9,2,4,22,0.8378378378378378
2,4,6,5,1,25,0.8378378378378378
3,3,7,4,4,22,0.7837837837837838
3,4,7,4,3,23,0.8108108108108109
4,4,5,6,0,26,0.8378378378378378
