acc,precision,recall,f1_score
0.8907758620689654,0.8923892170001975,0.8907758620689654,0.8908110249956086
