acc,precision,recall,f1_score
0.955701754385965,0.9555271295989688,0.955701754385965,0.9553461832671641
