number_of_comp,pMAPC,pMSE
1.0,0.836144083032,214.297356507
2.0,0.833340063888,224.601810139
3.0,0.832966951039,226.537992703
4.0,0.827532501012,240.248498203
5.0,0.833143333408,235.996479745
6.0,0.835515446997,241.13634573
7.0,0.834639254507,250.873521669
8.0,0.831410401629,266.27656848
9.0,0.828370735234,280.561885204
10.0,0.823603511636,289.178426017
11.0,0.819098893283,301.877879655
