number_of_comp,pMAPC,pMSE
1.0,0.876358718021,112.002497939
2.0,0.876622107081,114.898917255
3.0,0.879762173736,116.066220398
4.0,0.880285766045,116.626383755
5.0,0.87970613358,118.888765622
6.0,0.87981551106,116.21704071
7.0,0.876772400515,120.081098791
8.0,0.877110684723,119.161001408
9.0,0.878501595287,121.162284997
10.0,0.875873298582,129.960921741
11.0,0.872419447401,138.862381474
