number_of_comp,pMAPC,pMSE
1.0,0.875016099033,114.663896007
2.0,0.873919790981,119.988585915
3.0,0.877621978502,120.444781129
4.0,0.876047423054,131.769380212
5.0,0.875803384106,132.915300075
6.0,0.878313393061,129.065786631
7.0,0.877055044174,133.734365039
8.0,0.873078554785,144.888070355
9.0,0.871769432841,140.672980434
10.0,0.869150912328,146.716765551
11.0,0.87307235979,143.53504787
