number_of_comp,pMAPC,pMSE
1.0,0.879095708509,109.408980071
2.0,0.877412202005,115.042744501
3.0,0.876663439425,122.70844771
4.0,0.872249853943,138.154453644
5.0,0.869338937107,148.041638138
6.0,0.873019201219,136.729492508
7.0,0.872933138352,134.055774789
8.0,0.870664771829,140.308873879
9.0,0.867999289637,147.750435538
10.0,0.86496020229,155.039759047
11.0,0.862641507382,162.799372325
