number_of_comp,pMAPC,pMSE
1.0,0.880860700504,108.03849647
2.0,0.879043416616,113.700973334
3.0,0.878605618175,117.357047381
4.0,0.873517476918,131.309499465
5.0,0.869819763827,142.600883829
6.0,0.872657606215,142.884371617
7.0,0.878081838716,128.024725003
8.0,0.87528478044,135.822096968
9.0,0.875447729698,139.265248578
10.0,0.871272928502,149.263357642
11.0,0.881823792576,140.089542458
