number_of_comp,pMAPC,pMSE
1,0.612941655585,350.359126601
2,0.621932376227,348.235369436
