number_of_comp,pMAPC,pMSE
1,0.522758728956,487.142037846
2,0.523768947944,465.831968078
3,0.524501899923,465.809185551
4,0.564454500768,416.778446025
5,0.577251046648,402.848332538
