acc,precision,recall,f1_score
0.8513362068965517,0.8496527618394122,0.8513362068965517,0.8492380442082633
