acc,precision,recall,f1_score
0.8267982456140353,0.8238653552070473,0.8267982456140353,0.8244051552312173
