acc,precision,recall,f1_score
0.8178448275862077,0.8278121160302682,0.8178448275862077,0.8201289103733554
