acc,precision,recall,f1_score
0.8502412280701761,0.8492160899963044,0.8502412280701761,0.8485297165143103
