number_of_comp,pMAPC,pMSE,r2,r2_adj
1.0,0.877591695485,121.090012042,0.280298540766,0.267672199376
2.0,0.881185931466,106.471636554,0.597632791901,0.583262534469
