number_of_comp,pMAPC,pMSE,r2,r2_adj
1.0,0.878956335815,117.336891439,0.300625267027,0.288355534869
2.0,0.877415327659,114.113377543,0.510031929993,0.49253307035
