number_of_comp,pMAPC,pMSE,r2,r2_adj
1.0,0.882417404894,106.848090587,0.30862809205,0.296498760332
2.0,0.88344005258,98.9626834999,0.401850540387,0.380488059687
