number_of_comp,pMAPC,pMSE,r2,r2_adj
1.0,0.834484150329,216.019331857,0.237291050397,0.222900315499
2.0,0.85006366532,190.096269339,0.334890262002,0.309309118233
