acc,precision,recall,f1_score
0.9064224137931032,0.9072508994702736,0.9064224137931032,0.9061615408229495
