number_of_comp,pMAPC,pMSE,r2,r2_adj
1.0,0.730295920578,146.128334233,0.601527448268,0.598364967699
2.0,0.802915710747,83.1312873503,0.757581006524,0.753702302629
