number_of_comp,pMAPC,pMSE,r2,r2_adj
1.0,0.675610412397,198.706156074,0.207548753429,0.201259457821
2.0,0.709243482048,166.472824918,0.411631184478,0.402217283429
