acc,precision,recall,f1_score
0.6555208333333331,0.6541636466207027,0.6555208333333331,0.645546889719652
